# ************************************************************
# Sequel Pro SQL dump
# Version 4541
#
# http://www.sequelpro.com/
# https://github.com/sequelpro/sequelpro
#
# Host: 192.168.64.2 (MySQL 5.5.5-10.4.14-MariaDB)
# Database: db-de-prueba
# Generation Time: 2020-09-25 02:52:48 +0000
# ************************************************************


/*!40101 SET @OLD_CHARACTER_SET_CLIENT=@@CHARACTER_SET_CLIENT */;
/*!40101 SET @OLD_CHARACTER_SET_RESULTS=@@CHARACTER_SET_RESULTS */;
/*!40101 SET @OLD_COLLATION_CONNECTION=@@COLLATION_CONNECTION */;
/*!40101 SET NAMES utf8 */;
/*!40014 SET @OLD_FOREIGN_KEY_CHECKS=@@FOREIGN_KEY_CHECKS, FOREIGN_KEY_CHECKS=0 */;
/*!40101 SET @OLD_SQL_MODE=@@SQL_MODE, SQL_MODE='NO_AUTO_VALUE_ON_ZERO' */;
/*!40111 SET @OLD_SQL_NOTES=@@SQL_NOTES, SQL_NOTES=0 */;


# Dump of table articles
# ------------------------------------------------------------

DROP TABLE IF EXISTS `articles`;

CREATE TABLE `articles` (
  `id_article` int(11) NOT NULL AUTO_INCREMENT,
  `title` varchar(300) NOT NULL DEFAULT '',
  `id_magazines` int(11) DEFAULT NULL,
  `year` year(4) DEFAULT NULL,
  PRIMARY KEY (`id_article`),
  UNIQUE KEY `id_article_UNIQUE` (`id_article`),
  KEY `articles_magazines_idx` (`id_magazines`),
  CONSTRAINT `articles_magazines` FOREIGN KEY (`id_magazines`) REFERENCES `magazines` (`id_magazines`) ON DELETE SET NULL ON UPDATE CASCADE
) ENGINE=InnoDB AUTO_INCREMENT=251 DEFAULT CHARSET=utf8;

LOCK TABLES `articles` WRITE;
/*!40000 ALTER TABLE `articles` DISABLE KEYS */;

INSERT INTO `articles` (`id_article`, `title`, `id_magazines`, `year`)
VALUES
	(4,'On optimal embeddings and trees',1,'2018'),
	(5,'A study on twisted Koecher-Maass series of Siegel cusp forms via an integral kernel',1,'2018'),
	(6,'Bounded and periodic solutions for abstract functional difference equations with summable dichotomies: applications to Volterra systems',1,'2018'),
	(7,'Exponential periodic attractor of impulsive Hopfield-type neural network system with piecewise constant argument',1,'2018'),
	(8,'(ω,c)-periodic functions and mild solutions to abstract fractional integro-differential equations',1,'2018'),
	(9,'A Grobman-Hartman theorem for differential equations with piecewise constant arguments of mixed type.',1,'2018'),
	(10,'A decomposition of the Jacobian of a Humbert-Edge curve.',1,'2018'),
	(11,'Fixed points of endomorphisms of complex tori',1,'2018'),
	(12,'Direct image of parabolic line bundles',1,'2018'),
	(13,'A decomposition of the Jacobian of a Humbert-Edge curve',1,'2018'),
	(14,'Smooth quotients of abelian varieties by finite groups',1,'2018'),
	(15,'Dichotomy spectrum and almost topological conjugacy on nonautonomus unbounded difference systems',1,'2018'),
	(16,'Representation fields for orders of small rank. ',1,'2017'),
	(17,'\nA non-perverse Soergel bimodule in type A. C. R. ',1,'2017'),
	(18,'Indecomposable Soergel bimodules for universal Coxeter groups. With an appendix by Ben Webster',1,'2017'),
	(19,'Resolvent estimates and smoothing for homogeneous partial differential operators on graded Lie groups.',1,'2017'),
	(20,'Spectral analysis for perturbed operators on Carnot groups',1,'2017'),
	(21,'Essential spectrum and Fredholm properties for operators on locally compact groups',1,'2017'),
	(22,'Almost automorphic delayed differential equations and Lasota-Wazewska model',1,'2017'),
	(23,'Pseudo-almost-periodic solutions for delayed differential equations with integral dichotomies and bi-almost-periodic Green functions',1,'2017'),
	(24,'Dichotomies and Asymptotic Equivalence in alternatenately advanced and delayed Differential Equations',1,'2017'),
	(25,'Almost periodic evolution systems with impulse action at state-dependent moments',1,'2017'),
	(26,' Approximation of Solutions of Fractional-Order Delayed Cellular Neural Network on [0,oo)',1,'2017'),
	(27,'Maximal  Lp-regularity for fractional differential equations on the line',1,'2017'),
	(28,'Vibrations modeled by the standard linear model of viscoelasticity with boundary dissipation',1,'2017'),
	(29,'Almost reducibility of linear difference systems from a spectral point of view',1,'2017'),
	(30,'Completely decomposable Jacobian varieties in new genera.',1,'2017'),
	(31,'A criterion for an abelian variety to be non-simple',1,'2017'),
	(32,'A note on Galois embeddings of abelian varieties',1,'2017'),
	(33,'Torsion points on theta divisors',1,'2017'),
	(34,'A criterion for an abelian variety to be non-simple',1,'2017'),
	(35,'Injectivity and almost global asymptotic stability of Hurwitz vector fields',1,'2017'),
	(36,'Almost reducibility of linear difference systems from a spectral point of view',1,'2017'),
	(37,'Extensions of algebraic groups with finite quotient and nonabelian 2-cohomology',1,'2017'),
	(38,'Neftin,\nDanny: The Grunwald problem and approximation properties for homogeneous spaces',1,'2017'),
	(39,'Weak approximation for homogeneous spaces: reduction to the case with finite stabilizer',1,'2017'),
	(40,'Un résultat de recherche obtenu grâce à des lycéens',1,'2017'),
	(41,'Spinor class fields for generalized Eichler orders.',1,'2016'),
	(42,'On some branches of the Bruhat-Tits tree',1,'2016'),
	(43,'Unramified prime covers of hyperelliptic curves and pairs of p -gonal curves. In the tradition of Ahlfors-Bers',1,'2016'),
	(44,'On nilpotent evolution algebras.',1,'2016'),
	(45,'An equivalence in generalized almost-Jordan algebras',1,'2016'),
	(46,'Some results on the structure of a class of commutative power-associative nilalgebras of nilindex four',1,'2016'),
	(47,'Symbol calculus of square-integrable operator-valued maps',1,'2016'),
	(48,'C∗-algebraic covariant structures.',1,'2016'),
	(49,'On Wigner transforms in infinite dimensions',1,'2016'),
	(50,'Coorbit spaces of symbols for square integrable families of operators',1,'2016'),
	(51,'Twisted Pseudo-Differential Operators on Type I Locally Compact Groups',1,'2016'),
	(52,'Monotone waves for non-monotone and non-local monostable reaction–diffusion equations',1,'2016'),
	(53,'Weighted pseudo almost periodic functions, convolutions and abstract integral equations',1,'2016'),
	(54,'D. Uniform Euler approximation of solutions of fractional-order delayed cellular neural network on bounded intervals',1,'2016'),
	(55,'A topological equivalence result for a family of nonlinear difference systems having generalized exponential dichotomy.',1,'2016'),
	(56,'Pulse hospitalization to control SIS diseases on farms: economics effects',1,'2016'),
	(57,'Metaphoring and Enacting in Math',1,'2016'),
	(58,'On a numerical characterization of non-simple principally polarized abelian varieties',1,'2016'),
	(59,'A topological equivalence result for a family of nonlinear difference systems having generalized exponential dichotomy',1,'2016'),
	(60,'Roots of unity in definite quaternion orders',1,'2015'),
	(61,'Spinor norm for skew-hermitian forms over quaternion algebras',1,'2015'),
	(62,'Sharp lower bounds for regulators of small-degree number fields',1,'2015'),
	(63,'The multiplicative anomaly of three or more commuting elliptic operators',1,'2015'),
	(64,'Irreducible representations of power-associative train algebras',1,'2015'),
	(65,'Representations of generalized almost-Jordan algebras',1,'2015'),
	(66,'Evolution algebras and graphs',1,'2015'),
	(67,'Light leaves and Lusztig\'s conjecture',1,'2015'),
	(68,'On the role of corporeality, affect and metaphoring in Problem solving',1,'2015'),
	(69,'The multiplicative anomaly of three or more commuting elliptic operators',1,'2015'),
	(70,'Symmetry and inverse closedness for Banach *-algebras associated to discrete groups',1,'2015'),
	(71,'Poincaré\'s problem in the class of almost periodic type functions',1,'2015'),
	(72,'Existence and stability of almost periodic solutions to differential equations with piecewise constant arguments',1,'2015'),
	(73,'Asymptotic integration of a linear fourth order differential equation of Poincaré type',1,'2015'),
	(74,'Controllability and observability for a linear time varying system with piecewise constant delay',1,'2015'),
	(75,'Existence, computability and stability for solutions of the diffusion equation with general piecewise constant argument',1,'2015'),
	(76,'Sharp extensions for convoluted solutions of wave equations',1,'2015'),
	(77,'Population growth modeling with boom and bust patterns: the impulsive differential equation formalism',1,'2015'),
	(78,'Differentiability of Palmer\'s linearization theorem and converse result for density functions',1,'2015'),
	(79,'Controllability and observability for a linear time varying system with piecewise constant delay',1,'2015'),
	(80,'The group algebra decomposition of Fermat curves of prime degree',1,'2015'),
	(81,'On the construction of a finite Siegel space',1,'2015'),
	(82,'On the role of corporeality, affect and metaphoring in Problem solving',1,'2015'),
	(83,'Enactive Metaphoric Approaches to randomness',1,'2015'),
	(84,'Une voie royale vers la pensée stochastique: les marches aléatoires comme pousses d’apprentissage',1,'2015'),
	(85,'Elliptic curves on abelian varieties',1,'2015'),
	(86,'Differentiability of Palmer\'s linearization theorem and converse result for density functions',1,'2015'),
	(87,'Groupe de Brauer non ramifié algébrique des espaces homogènes',1,'2015'),
	(88,'Selectivity in division algebras',1,'2014'),
	(89,'Computing quaternion quotient graphs via representations of orders',1,'2014'),
	(90,'Computing the residue of the Dedekind zeta function',1,'2014'),
	(91,'An evolution algebra in population genetics',1,'2014'),
	(92,'Birrepresentations in a locally nilpotent variety',1,'2014'),
	(93,'Light leaves and Lusztig\'s conjecture',1,'2014'),
	(94,'Standard objects in 2-braid groups',1,'2014'),
	(95,'On Fréchet-Hilbert algebras',1,'2014'),
	(96,'Localization results for zero order pseudodifferential operators.',1,'2014'),
	(97,'Compactness criteria in Banach spaces in the setting of continuous frames',1,'2014'),
	(98,'Rieffel deformation and twisted crossed products',1,'2014'),
	(99,'A characterization of degree two Siegel cusp forms by the growth of their Fourier coefficients',1,'2014'),
	(100,'Sign changes of Fourier coefficients of cusp forms supported on prime power indices',1,'2014'),
	(101,'On integral kernels for Dirichlet series associated to Jacobi forms',1,'2014'),
	(102,'Discontinuous almost periodic type functions, almost automorphy of solutions of differential equations with discontinuous delay and applications',1,'2014'),
	(103,'Existence and global convergence of periodic solutions in recurrent neural network models with a general piecewise alternately advanced and retarded argument',1,'2014'),
	(104,'On the minimal speed of front propagation in a model of the Belousov-Zhabotinsky reaction',1,'2014'),
	(105,'Discontinuous almost automorphic functions and almost automorphic solutions of differential equations with piecewise constant arguments',1,'2014'),
	(106,'Periodic solutions of a fractional neutral equation with finite delay',1,'2014'),
	(107,'Mild solutions of non-autonomous second order problems with nonlocal initial conditions',1,'2014'),
	(108,'Stability analysis of a self-cycling fermentation model with state-dependent impulse times',1,'2014'),
	(109,'Polarizations on abelian subvarieties of principally polarized abelian varieties with dihedral group actions',1,'2014'),
	(110,'Symmetric group actions on Jacobian varieties. Riemann and Klein surfaces, automorphisms, symmetries and moduli spaces',1,'2014'),
	(111,'Metaphors in Mathematics Education',1,'2014'),
	(112,'Ecocam, un sistema computacional adaptable al contexto para promover estrategias de cálculo mental: características de su diseño y resultados preliminaries',1,'2014'),
	(113,'Análisis según el modelo cognitivo APOS del aprendizaje construido del concepto de la derivada',1,'2014'),
	(114,'Approximation faible et principe de Hasse pour des espaces homogènes à stabilisateur fini résoluble',1,'2014'),
	(115,'Groupe de Brauer non ramifié des espaces homogènes à stabilisateur fini',1,'2014'),
	(116,'Eichler orders, trees and representation fields',1,'2013'),
	(117,'Universal Poisson envelope for binary-Lie algebras',1,'2013'),
	(118,'On some Jordan baric algebras',1,'2013'),
	(119,'Magnetic twisted actions on general abelian C∗-algebras',1,'2013'),
	(120,'On the essential spectrum of phase-space anisotropic pseudodifferential operators',1,'2013'),
	(121,'Quantization in a magnetic field',1,'2013'),
	(122,'Dichotomy and almost automorphic solution of difference system',1,'2013'),
	(123,'Diagonalizability of nonautonomous linear systems with bounded continuous coefficients',1,'2013'),
	(124,'Traveling waves for a model of the Belousov-Zhabotinsky reaction',1,'2013'),
	(125,'Pushed traveling fronts in monostable equations with monotone delayed reaction',1,'2013'),
	(126,'Oscillatory and periodic solutions in alternately advanced and delayed differential equations',1,'2013'),
	(127,'Periodic solutions of an abstract third-order differential equation',1,'2013'),
	(128,'Diagonalizability of nonautonomous linear systems with bounded continuous coefficients',1,'2013'),
	(129,'Adapted hyperbolic polygons and symplectic representations for group actions on Riemann surfaces',1,'2013'),
	(130,'L’enseignement des mathématiques à l’ère de la mondialisation',1,'2013'),
	(131,'Metaphoric Random Walks: A Royal Road to Stochastic Thinking',1,'2013'),
	(132,'Metaphors and didactical situations, Lindmeier',1,'2013'),
	(133,'Some results about global asymptotic stability.',1,'2013'),
	(134,'Le groupe de Brauer non ramifié sur un corps global de caractéristique positive',1,'2013'),
	(135,'Representation fields for cyclic orders',1,'2012'),
	(136,'Representation fields for commutative orders',1,'2012'),
	(137,'Maximal selectivity for orders in fields',1,'2012'),
	(138,'An embedding theorem for orders in central simple algebras',1,'2012'),
	(139,'Signed fundamental domains for totally real number fields',1,'2012'),
	(140,'Discrepancies of products of zeta-regularized products',1,'2012'),
	(141,'Colmez cones for fundamental units of totally real cubic fields',1,'2012'),
	(142,'Rieffel\'s pseudodifferential calculus and spectral analysis of quantum Hamiltonians',1,'2012'),
	(143,'Covariant fields of C ∗-algebras under Rieffel deformation',1,'2012'),
	(144,'Abstract composition laws and their modulation spaces',1,'2012'),
	(145,'Continuity of spectra in Rieffel\'s pseudodifferential calculus.',1,'2012'),
	(146,'Bounded and periodic solutions in retarded difference equations using summable dichotomies',1,'2012'),
	(147,'A new class of differential equations with impulses at instants dependent on preceding pulses. Applications to management of renewable resources',1,'2012'),
	(148,'Modeling pulse infectious events irrupting into a controlled context: a SIS disease with almost periodic parameters',1,'2012'),
	(149,'A pulse fishery model with closures as function of the catch: conditions for sustainability',1,'2012'),
	(150,'Modeling pulse infectious events irrupting into a controlled context: a SIS disease with almost periodic parameters',1,'2012'),
	(151,'Global stability for a model of competition in the chemostat with microbial inputs',1,'2012'),
	(152,'Stability of disease free state in SIS models. Almost periodic rates and pulse vaccination',1,'2012'),
	(153,'Sensitivity matrix of an ecological network with periodic dynamics',1,'2012'),
	(154,'Polarizations of isotypical components of Jacobians with group action',1,'2012'),
	(155,'Tensor products as induced representations: the case of finite GL(3)',1,'2012'),
	(156,'Estimation of teacher practices based on text transcripts of teacher speech using a support vector machine algorithm',1,'2012'),
	(157,'Mathematical Cognition in Juvenile Offenders : a Case Study',1,'2012'),
	(158,'Dynamics of a particular real rational function',1,'2012'),
	(159,'Projective representations in algebras and cohomology',1,'2011'),
	(160,'A class of locally nilpotent commutative algebras',1,'2011'),
	(161,'Nilpotency of commutative finitely generated algebras satisfying Lx3+ γLx3=0,  γ=1,0 ',1,'2011'),
	(162,'New bases of some Hecke algebras via Soergel bimodules',1,'2011'),
	(163,'Positive quantization in the presence of a variable magnetic field',1,'2011'),
	(164,'Coherent states and pure state quantization in the presence of a variable magnetic field',1,'2011'),
	(165,'On the analogue of Weil\'s converse theorem for Jacobi forms and their lift to half-integral weight modular forms',1,'2011'),
	(166,'Component-wise conditions for the asymptotic equivalence for nonlinear differential systems with maxima.',1,'2011'),
	(167,'Variation of parameters formula and Gronwall inequality for differential equations with a general piecewise constant argument',1,'2011'),
	(168,'Cauchy matrix for linear almost periodic systems and some consequences',1,'2011'),
	(169,'Almost and asymptotically almost periodic solutions of abstract retarded functional difference equations in phase space',1,'2011'),
	(170,'H-asymptotic stability by fixed point in neutral nonlinear differential equations with delay',1,'2011'),
	(171,'Linear attraction in quasi-linear difference systems',1,'2011'),
	(172,'Source-sink impulsive bioeconomic models: seasonal closures with fixed length',1,'2011'),
	(173,'Cauchy and Green matrices type and stability in alternately advanced and delayed differential systems',1,'2011'),
	(174,'Stability of disease free state in SIS models. Almost periodic rates and pulse vaccination',1,'2011'),
	(175,'Regularity of solutions for a third order differential equation in Hilbert spaces',1,'2011'),
	(176,'Periodic solutions of fractional differential equations with delay',1,'2011'),
	(177,'A pulse vaccination strategy at variable times depending on incidence',1,'2011'),
	(178,'Cauchy matrix for linear almost periodic systems and some consequences',1,'2011'),
	(179,'Linear attraction in quasi-linear difference systems',1,'2011'),
	(180,'Geometric Weil representations for star-analogues of SL(2,k).',1,'2011'),
	(181,'On generalized Weil representations over involutive rings',1,'2011'),
	(182,'Strategies used by students on a massively multiplayer online mathematics game',1,'2011'),
	(183,'Mathematisches Denken. Grundvorstellungen und Metaphern',1,'2011'),
	(184,'Ouroboros avatars: a mathematical exploration of self-reference and metabolic closure',1,'2011'),
	(185,'Conceptual metaphors and “Grundvorstellungen”: a case of convergence?',1,'2011'),
	(186,'Estrategias cognitivas para el cálculo mental',1,'2011'),
	(187,'Some Thoughts on A. H. Louie’s “More Than Life Itself: A Reflection on Formal Systems and Biology',1,'2011'),
	(188,'A bounded Hurwitz vector field in R4 having a periodic orbit',1,'2011'),
	(189,'A polynomial class of Markus-Yamabe counterexamples and examples in R3',1,'2011'),
	(190,'Representation fields for quaternionic skew-Hermitian forms',1,'2010'),
	(191,'Special values of Dirichlet series and zeta integrals.',1,'2010'),
	(192,'On trace forms on a class of commutative algebras satisfying an identity of degree four',1,'2010'),
	(193,'Solvability of commutative right-nilalgebras satisfying (b(aa))a=b((aa)a)',1,'2010'),
	(194,'Presentation of right-angled Soergel categories by generators and relations',1,'2010'),
	(195,'Magnetic pseudodifferential operators with coefficients in C ∗-algebras',1,'2010'),
	(196,'Commutator criteria for magnetic pseudodifferential operators',1,'2010'),
	(197,'On the continuity of spectra for families of magnetic pseudodifferential operators',1,'2010'),
	(198,'Unicity of the integrated density of states for relativistic Schrödinger operators with regular magnetic fields and singular electric potentials',1,'2010'),
	(199,'The modulation mapping for magnetic symbols and operators',1,'2010'),
	(200,'Existence and stability of almost perio-dic solutions in impulsive neural network models',1,'2010'),
	(201,'Asymptotic equivalence of almost periodic solutions for a class of perturbed almost periodic systems',1,'2010'),
	(202,'Periodic solutions of differential equations with a general piecewise constant argument and applications',1,'2010'),
	(203,'Asymptotic behavior of functional dynamic equations in time scale',1,'2010'),
	(204,'Pseudo-almost periodic solutions of neutral integral and differential equations with applications',1,'2010'),
	(205,'Dichotomy and existence of periodic solutions of quasilinear functional differential equations',1,'2010'),
	(206,'Lp-solutions of Riccati-type differential equations and asymptotics of third order linear differential equations.',1,'2010'),
	(207,'Maximal regularity for flexible structural systems in Lebesgue spaces',1,'2010'),
	(208,'Existence and stability of almost periodic solutions in impulsive neural network models',1,'2010'),
	(209,'Asymptotic equivalence of almost periodic solutions for a class of perturbed almost periodic systems',1,'2010'),
	(210,'SIS epidemic model with pulse vaccination strategy at variable times',1,'2010'),
	(211,'Prym and Prym-Tyurin varieties: a group-theoretical construction. In the tradition of Ahlfors-Bers',1,'2010'),
	(212,'Unramified prime covers of hyperelliptic curves and pairs of p-gonal curves. In the tradition of Ahlfors-Bers',1,'2010'),
	(213,'Closure to efficient causation, computability and artificial life',1,'2010'),
	(214,'systems and RAF sets: common ideas, tools and projections',1,'2010'),
	(215,'The effect of analogies on learning to solve algebraic equations',1,'2010'),
	(216,'Quartic differential forms and transversal nets with singularities.',1,'2010'),
	(217,'Arithmetical Hilbert symbols, distance maps and cohomology',1,'2009'),
	(218,'On nilpotency of almost-Jordan right-nilalgebras',1,'2009'),
	(219,'On nilpotency in five dimensional almost Jordan right nilalgebras',1,'2009'),
	(220,'The magnetic formalism; new results',1,'2009'),
	(221,'On characteristic twists of multiple Dirichlet series associated to Siegel cusp forms',1,'2009'),
	(222,'Asymptotic equivalence of nonlinear and quasi linear differential equations with piecewise constant arguments',1,'2009'),
	(223,'Bounded and periodic solutions of nonlinear integro-differential equations with infinite delay',1,'2009'),
	(224,'Asymptotics for solutions of periodic difference systems.',1,'2009'),
	(225,'Generalized finite moments and Liouville-Green approximations',1,'2009'),
	(226,'Periodic solutions of integro-differential equations in vector-valued function spaces',1,'2009'),
	(227,'Maximal regularity of second-order equations with delay',1,'2009'),
	(228,'Feedback stabilization for a chemostat with delayed output',1,'2009'),
	(229,'Prym-Tyurin varieties via Hecke algebras',1,'2009'),
	(230,'Prym-Tyurin varieties using self-products of groups',1,'2009'),
	(231,'Products of Jacobians as Prym-Tyurin varieties',1,'2009'),
	(232,'Bruhat presentations for ∗-classical groups',1,'2009'),
	(233,'Relative spinor class fields: a counterexample',1,'2008'),
	(234,'Finite subgroups in algebras and cohomology. ',1,'2008'),
	(235,'Ledrappier\'s system is almost mixing of all orders. Ergodic Theory Dynam',1,'2008'),
	(236,'On the integro-differential equation satisfied by the p-adic log -function',1,'2008'),
	(237,'Raabe\'s formula for p-adic gamma and zeta functions',1,'2008'),
	(238,'Heights of algebraic numbers modulo multiplicative group actions',1,'2008'),
	(239,'Small generators of the ideal class group',1,'2008'),
	(240,'Finite products of regularized products',1,'2008'),
	(241,'On the classification of commutative right-nilalgebras of nilindex 5 and dimension 4.',1,'2008'),
	(242,'On nilpotency of generalized almost-Jordan right-nilalgebras',1,'2008'),
	(243,'Équivalences entre conjectures de Soergel',1,'2008'),
	(244,'Sur la catégorie des bimodules de Soergel',1,'2008'),
	(245,'Estimating the number of negative eigenvalues of a relativistic Hamiltonian with regular magnetic field',1,'2008'),
	(246,'Products of two Eisenstein series and spaces of cusp forms of prime level',1,'2008'),
	(247,'On product expansions of generalized modular forms',1,'2008'),
	(248,'Riccati equations and nonoscillatory solutions of third order differential equations',1,'2008'),
	(249,'Maximal regularity for perturbed integral equations on periodic Lebesgue spaces',1,'2008'),
	(250,'A Galois-theoretic approach to Kanev\'s correspondence',1,'2008');

/*!40000 ALTER TABLE `articles` ENABLE KEYS */;
UNLOCK TABLES;


# Dump of table articles_authors
# ------------------------------------------------------------

DROP TABLE IF EXISTS `articles_authors`;

CREATE TABLE `articles_authors` (
  `id_articles_authors` int(11) NOT NULL AUTO_INCREMENT,
  `id_articles` int(11) NOT NULL,
  `id_authors` int(11) NOT NULL,
  PRIMARY KEY (`id_articles_authors`),
  KEY `id_authors_idx` (`id_authors`),
  KEY `id_articles_idx` (`id_articles`),
  CONSTRAINT `id_articles` FOREIGN KEY (`id_articles`) REFERENCES `articles` (`id_article`) ON DELETE NO ACTION ON UPDATE CASCADE,
  CONSTRAINT `id_authors` FOREIGN KEY (`id_authors`) REFERENCES `authors` (`id_authors`) ON DELETE NO ACTION ON UPDATE CASCADE
) ENGINE=InnoDB AUTO_INCREMENT=300 DEFAULT CHARSET=utf8;

LOCK TABLES `articles_authors` WRITE;
/*!40000 ALTER TABLE `articles_authors` DISABLE KEYS */;

INSERT INTO `articles_authors` (`id_articles_authors`, `id_articles`, `id_authors`)
VALUES
	(53,4,2),
	(54,5,1),
	(55,6,2),
	(56,7,1),
	(57,8,2),
	(58,9,1),
	(59,10,2),
	(60,11,1),
	(61,12,2),
	(62,13,1),
	(63,14,2),
	(64,15,1),
	(65,16,2),
	(66,17,1),
	(67,18,2),
	(68,19,1),
	(69,20,2),
	(70,21,1),
	(71,22,2),
	(72,23,1),
	(73,24,2),
	(74,25,1),
	(75,26,2),
	(76,27,1),
	(77,28,2),
	(78,29,1),
	(79,30,2),
	(80,31,1),
	(81,32,2),
	(82,33,1),
	(83,34,2),
	(84,35,1),
	(85,36,2),
	(86,37,1),
	(87,38,2),
	(88,39,1),
	(89,40,2),
	(90,41,1),
	(91,42,2),
	(92,43,1),
	(93,44,2),
	(94,45,1),
	(95,46,2),
	(96,47,1),
	(97,48,2),
	(98,49,1),
	(99,50,2),
	(100,51,1),
	(101,52,2),
	(102,53,1),
	(103,54,2),
	(104,55,1),
	(105,56,2),
	(106,57,1),
	(107,58,2),
	(108,59,1),
	(109,60,2),
	(110,61,1),
	(111,62,2),
	(112,63,1),
	(113,64,2),
	(114,65,1),
	(115,66,2),
	(116,67,1),
	(117,68,2),
	(118,69,1),
	(119,70,2),
	(120,71,1),
	(121,72,2),
	(122,73,1),
	(123,74,1),
	(124,75,1),
	(125,76,1),
	(126,77,1),
	(127,78,1),
	(128,79,1),
	(129,80,1),
	(130,81,1),
	(131,82,1),
	(132,83,1),
	(133,84,1),
	(134,85,1),
	(135,86,1),
	(136,87,2),
	(137,88,2),
	(138,89,2),
	(139,90,2),
	(140,91,2),
	(141,92,2),
	(142,93,2),
	(143,94,2),
	(144,95,2),
	(145,96,2),
	(146,97,2),
	(147,98,2),
	(148,99,2),
	(149,100,2),
	(150,101,2),
	(151,102,2),
	(152,103,2),
	(153,104,2),
	(154,105,2),
	(155,106,2),
	(156,107,2),
	(157,108,2),
	(158,109,2),
	(159,110,2),
	(160,111,2),
	(161,112,2),
	(162,113,2),
	(163,114,2),
	(164,115,2),
	(165,116,2),
	(166,117,2),
	(167,118,1),
	(168,119,1),
	(169,120,1),
	(170,121,1),
	(171,122,1),
	(172,123,1),
	(173,124,1),
	(174,125,1),
	(175,126,1),
	(176,127,1),
	(177,128,1),
	(178,129,1),
	(179,130,1),
	(180,131,1),
	(181,132,1),
	(182,133,1),
	(183,134,1),
	(184,135,1),
	(185,136,1),
	(186,137,1),
	(187,138,1),
	(188,139,1),
	(189,140,1),
	(190,141,1),
	(191,142,1),
	(192,143,1),
	(193,144,1),
	(194,145,1),
	(195,146,1),
	(196,147,1),
	(197,148,1),
	(198,149,1),
	(199,150,1),
	(200,151,1),
	(201,152,1),
	(202,153,1),
	(203,154,1),
	(204,155,1),
	(205,156,1),
	(206,157,1),
	(207,158,1),
	(208,159,2),
	(209,160,2),
	(210,161,2),
	(211,162,2),
	(212,163,2),
	(213,164,2),
	(214,165,2),
	(215,166,2),
	(216,167,2),
	(217,168,2),
	(218,169,2),
	(219,170,2),
	(220,171,2),
	(221,172,2),
	(222,173,2),
	(223,174,2),
	(224,175,2),
	(225,176,2),
	(226,177,2),
	(227,178,2),
	(228,179,2),
	(229,180,2),
	(230,181,2),
	(231,182,2),
	(232,183,2),
	(233,184,2),
	(234,185,2),
	(235,186,2),
	(236,187,2),
	(237,188,1),
	(238,189,1),
	(239,190,1),
	(240,191,1),
	(241,192,1),
	(242,193,1),
	(243,194,1),
	(244,195,1),
	(245,196,1),
	(246,197,1),
	(247,198,1),
	(248,199,1),
	(249,200,1),
	(250,201,1),
	(251,202,2),
	(252,203,2),
	(253,204,2),
	(254,205,2),
	(255,206,2),
	(256,207,2),
	(257,208,2),
	(258,209,2),
	(259,210,2),
	(260,211,2),
	(261,212,2),
	(262,213,2),
	(263,214,2),
	(264,215,2),
	(265,216,2),
	(266,217,2),
	(267,218,2),
	(268,219,2),
	(269,220,2),
	(270,221,1),
	(271,222,1),
	(272,223,1),
	(273,224,1),
	(274,225,1),
	(275,226,1),
	(276,227,1),
	(277,228,1),
	(278,229,1),
	(279,230,1),
	(280,231,1),
	(281,232,2),
	(282,233,2),
	(283,234,2),
	(284,235,2),
	(285,236,2),
	(286,237,2),
	(287,238,2),
	(288,239,2),
	(289,240,2),
	(290,241,2),
	(291,242,2),
	(292,243,2),
	(293,244,2),
	(294,245,1),
	(295,246,1),
	(296,247,1),
	(297,248,1),
	(298,249,1),
	(299,250,1);

/*!40000 ALTER TABLE `articles_authors` ENABLE KEYS */;
UNLOCK TABLES;


# Dump of table authors
# ------------------------------------------------------------

DROP TABLE IF EXISTS `authors`;

CREATE TABLE `authors` (
  `id_authors` int(11) NOT NULL AUTO_INCREMENT,
  `last_name` varchar(90) NOT NULL,
  `last_name2` varchar(90) DEFAULT NULL,
  `first_name` varchar(90) NOT NULL,
  `first_name2` varchar(90) DEFAULT NULL,
  `state` char(8) NOT NULL DEFAULT 'inactive',
  PRIMARY KEY (`id_authors`),
  UNIQUE KEY `id_authors_UNIQUE` (`id_authors`)
) ENGINE=InnoDB AUTO_INCREMENT=3 DEFAULT CHARSET=utf8;

LOCK TABLES `authors` WRITE;
/*!40000 ALTER TABLE `authors` DISABLE KEYS */;

INSERT INTO `authors` (`id_authors`, `last_name`, `last_name2`, `first_name`, `first_name2`, `state`)
VALUES
	(1,'Jauré',NULL,'Diego',NULL,'inactive'),
	(2,'Yovane',NULL,'Dante',NULL,'inactive');

/*!40000 ALTER TABLE `authors` ENABLE KEYS */;
UNLOCK TABLES;


# Dump of table bad_articles
# ------------------------------------------------------------

DROP TABLE IF EXISTS `bad_articles`;

CREATE TABLE `bad_articles` (
  `id_bad_article` int(11) NOT NULL AUTO_INCREMENT,
  `bad_authors` varchar(400) NOT NULL DEFAULT '',
  `bad_title` varchar(300) NOT NULL DEFAULT '',
  `bad_year` year(4) DEFAULT NULL,
  PRIMARY KEY (`id_bad_article`),
  UNIQUE KEY `id_bad_article_UNIQUE` (`id_bad_article`)
) ENGINE=InnoDB AUTO_INCREMENT=498 DEFAULT CHARSET=utf8;

LOCK TABLES `bad_articles` WRITE;
/*!40000 ALTER TABLE `bad_articles` DISABLE KEYS */;

INSERT INTO `bad_articles` (`id_bad_article`, `bad_authors`, `bad_title`, `bad_year`)
VALUES
	(251,'Arenas, Manuel; Arenas-Carmona, L.; Contreras, Jaime','On optimal embeddings and trees','2018'),
	(252,'Y. Martin','A study on twisted Koecher-Maass series of Siegel cusp forms via an integral kernel','2018'),
	(253,'del Campo, Luis; Pinto, Manuel; Vidal, Claudio','Bounded and periodic solutions for abstract functional difference equations with summable dichotomies: applications to Volterra systems','2018'),
	(254,'Pinto, Manuel; Sepúlveda, Daniel; Torres, Ricardo','Exponential periodic attractor of impulsive Hopfield-type neural network system with piecewise constant argument','2018'),
	(255,'Alvarez, Edgardo; Gómez, Adrián; Pinto, Manuel','(ω,c)-periodic functions and mild solutions to abstract fractional integro-differential equations','2018'),
	(256,'Pinto, Manuel; Robledo, Gonzalo','A Grobman-Hartman theorem for differential equations with piecewise constant arguments of mixed type.','2018'),
	(257,'Robert Auffarth, Giancarlo Lucchini Arteche y Anita M. Rojas','A decomposition of the Jacobian of a Humbert-Edge curve.','2018'),
	(258,'Alvarado, Matías; Auffarth, Robert','Fixed points of endomorphisms of complex tori','2018'),
	(259,'Auffarth, Robert; Biswas, Indranil','Direct image of parabolic line bundles','2018'),
	(260,'Auffarth, Robert, Giancarlo Lucchini Arteche y Anita M. Rojas','A decomposition of the Jacobian of a Humbert-Edge curve','2018'),
	(261,'Robert Auffarth y Giancarlo Lucchini Arteche','Smooth quotients of abelian varieties by finite groups','2018'),
	(262,'Castañeda,Álvaro; Robledo,Gonzalo','Dichotomy spectrum and almost topological conjugacy on nonautonomus unbounded difference systems','2018'),
	(263,'Arenas-Carmona, Luis','Representation fields for orders of small rank. ','2017'),
	(264,'Libedinsky,Nicolas; Williamson,Geordie','\nA non-perverse Soergel bimodule in type A. C. R. ','2017'),
	(265,'Elias, Ben; Libedinsky, Nicolas','Indecomposable Soergel bimodules for universal Coxeter groups. With an appendix by Ben Webster','2017'),
	(266,'Mantoiu, Marius','Resolvent estimates and smoothing for homogeneous partial differential operators on graded Lie groups.','2017'),
	(267,'Mantoiu, Marius','Spectral analysis for perturbed operators on Carnot groups','2017'),
	(268,'Mantoiu, Marius','Essential spectrum and Fredholm properties for operators on locally compact groups','2017'),
	(269,'Coronel, A.; Maulén, C.; Pinto, M.; Sepúlveda, D.','Almost automorphic delayed differential equations and Lasota-Wazewska model','2017'),
	(270,'Pinto,.Manuel; Vidal,.Claudio','Pseudo-almost-periodic solutions for delayed differential equations with integral dichotomies and bi-almost-periodic Green functions','2017'),
	(271,'Coronel, C. Maulen, M. Pinto, D. Sepúlveda','Dichotomies and Asymptotic Equivalence in alternatenately advanced and delayed Differential Equations','2017'),
	(272,'Hakl, Robert; Pinto, Manuel; Tkachenko,.Viktor; Trofimchuk,.Sergei','Almost periodic evolution systems with impulse action at state-dependent moments','2017'),
	(273,'Tyagi, S.; Abbas, S.; Pinto, M.; Sepúlveda',' Approximation of Solutions of Fractional-Order Delayed Cellular Neural Network on [0,oo)','2017'),
	(274,'Ponce,.Rodrigo; Poblete,.Verónica','Maximal  Lp-regularity for fractional differential equations on the line','2017'),
	(275,'Gamboa,.Pedro; Nguyen,.Huy Hoang; Vera,.Octavio; Poblete,.Veronica','Vibrations modeled by the standard linear model of viscoelasticity with boundary dissipation','2017'),
	(276,'Castañeda,.Álvaro; Robledo,.Gonzalo','Almost reducibility of linear difference systems from a spectral point of view','2017'),
	(277,'Paulhus,.Jennifer; Rojas,.Anita M.','Completely decomposable Jacobian varieties in new genera.','2017'),
	(278,'Auffarth,.R.; Lange,.H.; Rojas,.A. M.','A criterion for an abelian variety to be non-simple','2017'),
	(279,'Auffarth,.Robert','A note on Galois embeddings of abelian varieties','2017'),
	(280,'Auffarth,.Robert; Pirola,.Gian Pietro; Manni,.Riccardo Salvati','Torsion points on theta divisors','2017'),
	(281,'Auffarth,.R.; Lange,.H.; Rojas,.A. M.','A criterion for an abelian variety to be non-simple','2017'),
	(282,'Castañeda,.Álvaro; Guíñez,.Víctor','Injectivity and almost global asymptotic stability of Hurwitz vector fields','2017'),
	(283,'Castañeda,.Álvaro; Robledo,.Gonzalo','Almost reducibility of linear difference systems from a spectral point of view','2017'),
	(284,'Lucchini.Arteche, Giancarlo','Extensions of algebraic groups with finite quotient and nonabelian 2-cohomology','2017'),
	(285,'Demarche,.Cyril; Lucchini.Arteche, Giancarlo','Neftin,\nDanny: The Grunwald problem and approximation properties for homogeneous spaces','2017'),
	(286,'Lucchini.Arteche, Giancarlo','Weak approximation for homogeneous spaces: reduction to the case with finite stabilizer','2017'),
	(287,'Budzinski,.T.; Lucchini.Arteche, G.','Un résultat de recherche obtenu grâce à des lycéens','2017'),
	(288,'Arenas-Carmona, Luis','Spinor class fields for generalized Eichler orders.','2016'),
	(289,'Arenas-Carmona, Luis; Saavedra, Ignacio','On some branches of the Bruhat-Tits tree','2016'),
	(290,'Arenas-Carmona, Luis; Rojas, Anita M.','Unramified prime covers of hyperelliptic curves and pairs of p -gonal curves. In the tradition of Ahlfors-Bers','2016'),
	(291,'Elduque, Alberto; Labra, Alicia','On nilpotent evolution algebras.','2016'),
	(292,'Guzzo,Henrique, Jr.; Labra, Alicia','An equivalence in generalized almost-Jordan algebras','2016'),
	(293,'Correa, Iván; Hentzel,Irvin Roy; Labra, Alicia','Some results on the structure of a class of commutative power-associative nilalgebras of nilindex four','2016'),
	(294,'Beltiţa, Ingrid; Beltiţa, Daniel; Mantoiu, Marius','Symbol calculus of square-integrable operator-valued maps','2016'),
	(295,'Bustos, H.; Mantoiu, M.','C∗-algebraic covariant structures.','2016'),
	(296,'Beltiţa,.Ingrid; Beltiţa,.Daniel; Mantoiu,.Marius','On Wigner transforms in infinite dimensions','2016'),
	(297,'Mantoiu, M.','Coorbit spaces of symbols for square integrable families of operators','2016'),
	(298,'Bustos, Harold; Mantoiu,.Marius','Twisted Pseudo-Differential Operators on Type I Locally Compact Groups','2016'),
	(299,'Trofimchuk,.Elena; Pinto, Manuel; Trofimchuk,.Sergei','Monotone waves for non-monotone and non-local monostable reaction–diffusion equations','2016'),
	(300,'Coronel,.Aníbal; Pinto, Manuel; Sepúlveda,.Daniel','Weighted pseudo almost periodic functions, convolutions and abstract integral equations','2016'),
	(301,'Tyagi, S.; Abbas, S.; Pinto, M.; Sepúlveda','D. Uniform Euler approximation of solutions of fractional-order delayed cellular neural network on bounded intervals','2016'),
	(302,'Castañeda,.Álvaro; Robledo,.Gonzalo','A topological equivalence result for a family of nonlinear difference systems having generalized exponential dichotomy.','2016'),
	(303,'Córdova-Lepe,.Fernando; Robledo,.Gonzalo; Solis, M. Eugenia','Pulse hospitalization to control SIS diseases on farms: economics effects','2016'),
	(304,'Diaz-Rojas, D., Soto – Andrade, J','Metaphoring and Enacting in Math','2016'),
	(305,'Auffarth, Robert','On a numerical characterization of non-simple principally polarized abelian varieties','2016'),
	(306,'Castañeda,.Álvaro; Robledo,.Gonzalo','A topological equivalence result for a family of nonlinear difference systems having generalized exponential dichotomy','2016'),
	(307,'Arenas-Carmona, Luis','Roots of unity in definite quaternion orders','2015'),
	(308,'Arenas-Carmona, Luis; Quiroz, Patricio','Spinor norm for skew-hermitian forms over quaternion algebras','2015'),
	(309,'Astudillo, Sergio; Diaz y Diaz, Francisco; Friedman, Eduardo','Sharp lower bounds for regulators of small-degree number fields','2015'),
	(310,'Castillo-Garate, Victor; Friedman, Eduardo; Mantoiu, Marius','The multiplicative anomaly of three or more commuting elliptic operators','2015'),
	(311,'Behn, Antonio; Labra, Alicia; Reyes, Cristián','Irreducible representations of power-associative train algebras','2015'),
	(312,'Flores, Marcelo; Labra, Alicia','Representations of generalized almost-Jordan algebras','2015'),
	(313,'Elduque, Alberto; Labra, Alicia','Evolution algebras and graphs','2015'),
	(314,'Libedinsky,Nicolas','Light leaves and Lusztig\'s conjecture','2015'),
	(315,'Libedinsky, N.; Soto-Andrade,J','On the role of corporeality, affect and metaphoring in Problem solving','2015'),
	(316,'Castillo-Garate,. Victor,Friedman,.Eduardo; Mantoiu,.Marius','The multiplicative anomaly of three or more commuting elliptic operators','2015'),
	(317,'Mantoiu,.Marius','Symmetry and inverse closedness for Banach *-algebras associated to discrete groups','2015'),
	(318,'Figueroa, Pablo; Pinto, Manuel','Poincaré\'s problem in the class of almost periodic type functions','2015'),
	(319,'Castillo,.Samuel; Pinto, Manuel','Existence and stability of almost periodic solutions to differential equations with piecewise constant arguments','2015'),
	(320,'Coronel,.Aníbal; Huancas,.Fernando; Pinto, Manuel','Asymptotic integration of a linear fourth order differential equation of Poincaré type','2015'),
	(321,'Pinto, Manuel; Robledo,.Gonzalo','Controllability and observability for a linear time varying system with piecewise constant delay','2015'),
	(322,'Veloz, Tomas; Pinto, Manuel','Existence, computability and stability for solutions of the diffusion equation with general piecewise constant argument','2015'),
	(323,'Miana Pedro; Poblete,.Verónica','Sharp extensions for convoluted solutions of wave equations','2015'),
	(324,'Córdova-Lepe,.Fernando; Robledo,.Gonzalo; Cabrera-Villegas,.Javier','Population growth modeling with boom and bust patterns: the impulsive differential equation formalism','2015'),
	(325,'Castañeda,.Álvaro; Robledo,.Gonzalo','Differentiability of Palmer\'s linearization theorem and converse result for density functions','2015'),
	(326,'Pinto, Manuel; Robledo,.Gonzalo','Controllability and observability for a linear time varying system with piecewise constant delay','2015'),
	(327,'Barraza,.Patricio; Rojas, Anita.M.','The group algebra decomposition of Fermat curves of prime degree','2015'),
	(328,'Pantoja, José; Soto Andrade,.Jorge; Vargas, Jorge A','On the construction of a finite Siegel space','2015'),
	(329,'Libedinsky, N., Soto-Andrade,J','On the role of corporeality, affect and metaphoring in Problem solving','2015'),
	(330,'Díaz-Rojas, D., Soto-Andrade, J.','Enactive Metaphoric Approaches to randomness','2015'),
	(331,'Soto-Andrade, J','Une voie royale vers la pensée stochastique: les marches aléatoires comme pousses d’apprentissage','2015'),
	(332,'Auffarth, Robert','Elliptic curves on abelian varieties','2015'),
	(333,'Castañeda,.Álvaro; Robledo,.Gonzalo','Differentiability of Palmer\'s linearization theorem and converse result for density functions','2015'),
	(334,'Lucchini.Arteche, Giancarlo','Groupe de Brauer non ramifié algébrique des espaces homogènes','2015'),
	(335,'Arenas-Carmona, Luis','Selectivity in division algebras','2014'),
	(336,'Arenas-Carmona, Luis','Computing quaternion quotient graphs via representations of orders','2014'),
	(337,'Belabas,Karim; Friedman,Eduardo','Computing the residue of the Dedekind zeta function','2014'),
	(338,'Labra, A.;Ladra, M.; Rozikov, U.A.','An evolution algebra in population genetics','2014'),
	(339,'Arenas,Manuel; Labra, Alicia','Birrepresentations in a locally nilpotent variety','2014'),
	(340,'Libedinsky,Nicolas','Light leaves and Lusztig\'s conjecture','2014'),
	(341,'Libedinsky,Nicolas; Williamson,Geordie','Standard objects in 2-braid groups','2014'),
	(342,'Mantoiu, M.; Purice, R.','On Fréchet-Hilbert algebras','2014'),
	(343,'García, J.; Mantoiu, M.','Localization results for zero order pseudodifferential operators.','2014'),
	(344,'Mantoiu,.Marius; Parra, Daniel','Compactness criteria in Banach spaces in the setting of continuous frames','2014'),
	(345,'Beltiţa,.Ingrid; Mantoiu,.Marius','Rieffel deformation and twisted crossed products','2014'),
	(346,'Kohnen,.Winfried; Martin,.Yves','A characterization of degree two Siegel cusp forms by the growth of their Fourier coefficients','2014'),
	(347,'Kohnen,.Winfried; Martin,.Yves','Sign changes of Fourier coefficients of cusp forms supported on prime power indices','2014'),
	(348,'Martin,.Yves','On integral kernels for Dirichlet series associated to Jacobi forms','2014'),
	(349,'Chávez, Alan; Castillo,.Samuel; Pinto, Manuel','Discontinuous almost periodic type functions, almost automorphy of solutions of differential equations with discontinuous delay and applications','2014'),
	(350,'Chiu,.Kuo-Shou; Pinto, Manuel; Jeng,.Jyh-Cheng','Existence and global convergence of periodic solutions in recurrent neural network models with a general piecewise alternately advanced and retarded argument','2014'),
	(351,'Trofimchuk,.Elena; Pinto, Manuel; Trofimchuk,.Sergei','On the minimal speed of front propagation in a model of the Belousov-Zhabotinsky reaction','2014'),
	(352,'Chávez, Alan; Castillo,.Samuel; Pinto, Manuel','Discontinuous almost automorphic functions and almost automorphic solutions of differential equations with piecewise constant arguments','2014'),
	(353,'Poblete,.Verónica; Pozo,.Juan C.','Periodic solutions of a fractional neutral equation with finite delay','2014'),
	(354,'Henríquez,.Hernán R.; Poblete,.Verónica; Pozo,.Juan C.','Mild solutions of non-autonomous second order problems with nonlocal initial conditions','2014'),
	(355,'Córdova-Lepe,.Fernando; Del Valle,.Rodrigo; Robledo,.Gonzalo','Stability analysis of a self-cycling fermentation model with state-dependent impulse times','2014'),
	(356,'Lange,.Herbert; Rodríguez,.Rubí E.; Rojas, Anita.M.','Polarizations on abelian subvarieties of principally polarized abelian varieties with dihedral group actions','2014'),
	(357,'Carocca,.Angel; Rodríguez,.Rubí E.; Rojas, Anita.M.','Symmetric group actions on Jacobian varieties. Riemann and Klein surfaces, automorphisms, symmetries and moduli spaces','2014'),
	(358,'Soto-Andrade J.','Metaphors in Mathematics Education','2014'),
	(359,'Léger, P., Gálvez, Inostroza, M., G., Cubillos, L., Luci, G., Tanter, E., Cosmelli, D., Soto-Andrade, J.','Ecocam, un sistema computacional adaptable al contexto para promover estrategias de cálculo mental: características de su diseño y resultados preliminaries','2014'),
	(360,'Vega Urquieta, M .A., Carrillo Yañez, J., Soto Andrade, J','Análisis según el modelo cognitivo APOS del aprendizaje construido del concepto de la derivada','2014'),
	(361,'Lucchini.Arteche, Giancarlo','Approximation faible et principe de Hasse pour des espaces homogènes à stabilisateur fini résoluble','2014'),
	(362,'Lucchini.Arteche, Giancarlo','Groupe de Brauer non ramifié des espaces homogènes à stabilisateur fini','2014'),
	(363,'Arenas-Carmona, Luis','Eichler orders, trees and representation fields','2013'),
	(364,'Arenas, Manuel; Arenas-Carmona,Luis','Universal Poisson envelope for binary-Lie algebras','2013'),
	(365,'Elduque,Alberto; Labra, Alicia','On some Jordan baric algebras','2013'),
	(366,'Belmonte,.Fabian; Lein, Max; Mantoiu,.Marius','Magnetic twisted actions on general abelian C∗-algebras','2013'),
	(367,'Mantoiu,.Marius','On the essential spectrum of phase-space anisotropic pseudodifferential operators','2013'),
	(368,'Purice, Radu; Iftimie,.Viorel; Mantoiu,.Marius','Quantization in a magnetic field','2013'),
	(369,'Castillo,.Samuel; Pinto, Manuel','Dichotomy and almost automorphic solution of difference system','2013'),
	(370,'Pinto, Manuel; Robledo,.Gonzalo','Diagonalizability of nonautonomous linear systems with bounded continuous coefficients','2013'),
	(371,'Trofimchuk,.Elena; Pinto, Manuel; Trofimchuk,.Sergei','Traveling waves for a model of the Belousov-Zhabotinsky reaction','2013'),
	(372,'Trofimchuk,.Elena; Pinto, Manuel; Trofimchuk,.Sergei','Pushed traveling fronts in monostable equations with monotone delayed reaction','2013'),
	(373,'Chiu,.Kuo-Shou; Pinto, Manuel','Oscillatory and periodic solutions in alternately advanced and delayed differential equations','2013'),
	(374,'Poblete,.Verónica; Pozo,.Juan C.','Periodic solutions of an abstract third-order differential equation','2013'),
	(375,'Pinto, Manuel; Robledo,.Gonzalo','Diagonalizability of nonautonomous linear systems with bounded continuous coefficients','2013'),
	(376,'Behn, Antonio; Rodríguez,.Rubí E.; Rojas, Anita.M.','Adapted hyperbolic polygons and symplectic representations for group actions on Riemann surfaces','2013'),
	(377,'Soto-Andrade, J., Reyes-Santander, P','L’enseignement des mathématiques à l’ère de la mondialisation','2013'),
	(378,'Soto-Andrade, J.','Metaphoric Random Walks: A Royal Road to Stochastic Thinking','2013'),
	(379,'Soto-Andrade, J.','Metaphors and didactical situations, Lindmeier','2013'),
	(380,'Castañeda,.Álvaro; Guíñez,.Víctor','Some results about global asymptotic stability.','2013'),
	(381,'Lucchini.Arteche, Giancarlo','Le groupe de Brauer non ramifié sur un corps global de caractéristique positive','2013'),
	(382,'Arenas-Carmona, Luis','Representation fields for cyclic orders','2012'),
	(383,'Arenas-Carmona, Luis','Representation fields for commutative orders','2012'),
	(384,'Arenas-Carmona, Luis','Maximal selectivity for orders in fields','2012'),
	(385,'Arenas-Carmona, Luis','An embedding theorem for orders in central simple algebras','2012'),
	(386,'Diaz y Diaz,Francisco; Friedman,Eduardo','Signed fundamental domains for totally real number fields','2012'),
	(387,'Castillo-Garate,Victor; Friedman,Eduardo','Discrepancies of products of zeta-regularized products','2012'),
	(388,'Diaz y Diaz,Francisco; Friedman, Eduardo','Colmez cones for fundamental units of totally real cubic fields','2012'),
	(389,'Mantoiu,.Marius','Rieffel\'s pseudodifferential calculus and spectral analysis of quantum Hamiltonians','2012'),
	(390,'Belmonte,Fabian; Mantoiu,Marius','Covariant fields of C ∗-algebras under Rieffel deformation','2012'),
	(391,'Mantoiu,.Marius; Purice, Radu','Abstract composition laws and their modulation spaces','2012'),
	(392,'Belmonte, F.; Mantoiu, M.','Continuity of spectra in Rieffel\'s pseudodifferential calculus.','2012'),
	(393,'Campo, Luis.Del; Pinto, Manuel; Vidal,.Claudio','Bounded and periodic solutions in retarded difference equations using summable dichotomies','2012'),
	(394,'Córdova-Lepe,.Fernando; Pinto, Manuel;González-Olivares,.Eduardo','A new class of differential equations with impulses at instants dependent on preceding pulses. Applications to management of renewable resources','2012'),
	(395,'Córdova-Lepe,.Fernando; Robledo,.Gonzalo; Pinto, Manuel; González-Olivares,.Eduardo','Modeling pulse infectious events irrupting into a controlled context: a SIS disease with almost periodic parameters','2012'),
	(396,'Córdova-Lepe,.Fernando; Del Valle,.Rodrigo; Robledo,.Gonzalo','A pulse fishery model with closures as function of the catch: conditions for sustainability','2012'),
	(397,'Córdova-Lepe,.Fernando; Robledo,.Gonzalo; Pinto, Manuel; González-Olivares,.Eduardo','Modeling pulse infectious events irrupting into a controlled context: a SIS disease with almost periodic parameters','2012'),
	(398,'Robledo,.Gonzalo; Grognard,.Frédéric; Gouzé,.Jean-Luc','Global stability for a model of competition in the chemostat with microbial inputs','2012'),
	(399,'Robledo, G.; Pinto, M.; Córdova-Lepe,.F.','Stability of disease free state in SIS models. Almost periodic rates and pulse vaccination','2012'),
	(400,'Córdova-Lepe,.F.; Garay-Narváez,.L.; Ramos-Jiliberto,.R.; Robledo, G.','Sensitivity matrix of an ecological network with periodic dynamics','2012'),
	(401,'Lange,.Herbert; Rojas, Anita.M.','Polarizations of isotypical components of Jacobians with group action','2012'),
	(402,'Aburto-Hageman, L.; Pantoja, J.; Soto-Andrade,.J.','Tensor products as induced representations: the case of finite GL(3)','2012'),
	(403,'R. Araya, F. Plana, P. Dartnell, J. Soto-Andrade, G. Luci, E. Salinas and M. Araya','Estimation of teacher practices based on text transcripts of teacher speech using a support vector machine algorithm','2012'),
	(404,'Soto-Andrade, J., Reyes-Santander, P','Mathematical Cognition in Juvenile Offenders : a Case Study','2012'),
	(405,'Castañeda,.Álvaro','Dynamics of a particular real rational function','2012'),
	(406,'Arenas-Carmona, Luis','Projective representations in algebras and cohomology','2011'),
	(407,'Behn, Antonio; Elduque,Alberto; Labra, Alicia','A class of locally nilpotent commutative algebras','2011'),
	(408,'Correa, Ivan; Hentzel,Irvin Roy; Labra, Alicia','Nilpotency of commutative finitely generated algebras satisfying Lx3+ γLx3=0,  γ=1,0 ','2011'),
	(409,'Libedinsky,Nicolas','New bases of some Hecke algebras via Soergel bimodules','2011'),
	(410,'Mantoiu,Marius; Purice, Radu; Richard,Serge','Positive quantization in the presence of a variable magnetic field','2011'),
	(411,'Mantoiu,Marius; Purice, Radu; Richard,Serge','Coherent states and pure state quantization in the presence of a variable magnetic field','2011'),
	(412,'Martin,.Yves; Osses,.Denis','On the analogue of Weil\'s converse theorem for Jacobi forms and their lift to half-integral weight modular forms','2011'),
	(413,'González,.Patricio; Pinto, Manuel','Component-wise conditions for the asymptotic equivalence for nonlinear differential systems with maxima.','2011'),
	(414,'Chiu,.Kuo-Shou; Pinto, Manuel','Variation of parameters formula and Gronwall inequality for differential equations with a general piecewise constant argument','2011'),
	(415,'Pinto, Manuel; Robledo,.Gonzalo','Cauchy matrix for linear almost periodic systems and some consequences','2011'),
	(416,'Del Campo,.Luis; Pinto, Manuel; Vidal,.Claudio','Almost and asymptotically almost periodic solutions of abstract retarded functional difference equations in phase space','2011'),
	(417,'Pinto, Manuel; Sepúlveda,.Daniel','H-asymptotic stability by fixed point in neutral nonlinear differential equations with delay','2011'),
	(418,'Pinto, Manuel; Robledo,.Gonzalo; Torres,.Victor','Linear attraction in quasi-linear difference systems','2011'),
	(419,'Córdova-Lepe,.F.; González-Olivares,.E.; Pinto, M.','Source-sink impulsive bioeconomic models: seasonal closures with fixed length','2011'),
	(420,'Pinto, Manuel','Cauchy and Green matrices type and stability in alternately advanced and delayed differential systems','2011'),
	(421,'Robledo, G.; Pinto, M.; Córdova-Lepe,.F.','Stability of disease free state in SIS models. Almost periodic rates and pulse vaccination','2011'),
	(422,'Fernández,.Claudio; Lizama,.Carlos; Poblete,.Verónica','Regularity of solutions for a third order differential equation in Hilbert spaces','2011'),
	(423,'Lizama,.Carlos; Poblete,.Verónica','Periodic solutions of fractional differential equations with delay','2011'),
	(424,'Córdova-Lepe,.Fernando; Del Valle,.Rodrigo; Robledo,.Gonzalo','A pulse vaccination strategy at variable times depending on incidence','2011'),
	(425,'Pinto, Manuel; Robledo,.Gonzalo.','Cauchy matrix for linear almost periodic systems and some consequences','2011'),
	(426,'Pinto, Manuel; Robledo,.Gonzalo; Torres,.Victor.','Linear attraction in quasi-linear difference systems','2011'),
	(427,'Gutiérrez-Frez,.Luis; Pantoja, José; Soto-Andrade,.Jorge','Geometric Weil representations for star-analogues of SL(2,k).','2011'),
	(428,'Gutiérrez,.Luis; Pantoja, José; Soto-Andrade,.Jorge','On generalized Weil representations over involutive rings','2011'),
	(429,'Araya, R., Jiménez, A., Bahamondez, M., Dartnell, P., Soto-Andrade, J., González  Calfucura, P','Strategies used by students on a massively multiplayer online mathematics game','2011'),
	(430,'Reyes-Santander, P., Soto-Andrade, J.','Mathematisches Denken. Grundvorstellungen und Metaphern','2011'),
	(431,'J. Soto-Andrade, S. Jaramillo, C. Gutiérrez, J.-C. Letelier','Ouroboros avatars: a mathematical exploration of self-reference and metabolic closure','2011'),
	(432,'Soto-Andrade, J., Reyes-Santander, P','Conceptual metaphors and “Grundvorstellungen”: a case of convergence?','2011'),
	(433,'G. Gálvez, D. Cosmelli, L. Cubillos, P. Leger, A. Mena, É. Tanter, X. Flores, G. Luci, S. Montoya, J. Soto-Andrade','Estrategias cognitivas para el cálculo mental','2011'),
	(434,'C. Gutiérrez, S. Jaramillo, J. Soto-Andrade','Some Thoughts on A. H. Louie’s “More Than Life Itself: A Reflection on Formal Systems and Biology','2011'),
	(435,'Guíñez,.Víctor; Castañeda,.Álvaro','A bounded Hurwitz vector field in R4 having a periodic orbit','2011'),
	(436,'Guíñez,.Víctor; Castañeda,.Álvaro','A polynomial class of Markus-Yamabe counterexamples and examples in R3','2011'),
	(437,'Arenas-Carmona, Luis','Representation fields for quaternionic skew-Hermitian forms','2010'),
	(438,'Friedman, Eduardo; Pereira, Aldo','Special values of Dirichlet series and zeta integrals.','2010'),
	(439,'Labra, Alicia; Rojas-Bruna,Carlos','On trace forms on a class of commutative algebras satisfying an identity of degree four','2010'),
	(440,'Correa, Iván; Roy Hentzel,Irvin; Labra, Alicia','Solvability of commutative right-nilalgebras satisfying (b(aa))a=b((aa)a)','2010'),
	(441,'Libedinsky,Nicolas','Presentation of right-angled Soergel categories by generators and relations','2010'),
	(442,'Lein, Max; Mantoiu,.Marius; Richard,.Serge','Magnetic pseudodifferential operators with coefficients in C ∗-algebras','2010'),
	(443,'Iftimie,.Viorel; Mantoiu,.Marius; Purice, Radu.','Commutator criteria for magnetic pseudodifferential operators','2010'),
	(444,'Athmouni,.Nassim; Mantoiu,.Marius; Purice, Radu','On the continuity of spectra for families of magnetic pseudodifferential operators','2010'),
	(445,'Iftimie,.Viorel; Mantoiu,.Marius; Purice, Radu','Unicity of the integrated density of states for relativistic Schrödinger operators with regular magnetic fields and singular electric potentials','2010'),
	(446,'Mantoiu,.Marius; Purice, Radu','The modulation mapping for magnetic symbols and operators','2010'),
	(447,'Pinto, Manuel; Robledo,.Gonzalo','Existence and stability of almost perio-dic solutions in impulsive neural network models','2010'),
	(448,'Pinto, Manuel;Torres,.Victor; Robledo,.Gonzalo','Asymptotic equivalence of almost periodic solutions for a class of perturbed almost periodic systems','2010'),
	(449,'Chiu,.Kuo-Shou; Pinto, Manuel','Periodic solutions of differential equations with a general piecewise constant argument and applications','2010'),
	(450,'Castillo,.Samuel; Pinto, Manuel','Asymptotic behavior of functional dynamic equations in time scale','2010'),
	(451,'Pinto, Manuel','Pseudo-almost periodic solutions of neutral integral and differential equations with applications','2010'),
	(452,'Pinto, Manuel','Dichotomy and existence of periodic solutions of quasilinear functional differential equations','2010'),
	(453,'Figueroa,.Pablo; Pinto, Manuel','Lp-solutions of Riccati-type differential equations and asymptotics of third order linear differential equations.','2010'),
	(454,'Fernández,.Claudio; Lizama,.Carlos; Poblete,.Verónica','Maximal regularity for flexible structural systems in Lebesgue spaces','2010'),
	(455,'Pinto, Manuel; Robledo,.Gonzalo','Existence and stability of almost periodic solutions in impulsive neural network models','2010'),
	(456,'Pinto, Manuel; Torres,.Victor; Robledo,.Gonzalo','Asymptotic equivalence of almost periodic solutions for a class of perturbed almost periodic systems','2010'),
	(457,'Córdova-Lepe,.F.; Del-Valle, R.; Robledo, G.','SIS epidemic model with pulse vaccination strategy at variable times','2010'),
	(458,'Carocca, Angel; Lange,.Herbert; Rodríguez,.Rubí E.; Rojas, Anita.M.','Prym and Prym-Tyurin varieties: a group-theoretical construction. In the tradition of Ahlfors-Bers','2010'),
	(459,'Arenas-Carmona,.Luis; Rojas, Anita.M.','Unramified prime covers of hyperelliptic curves and pairs of p-gonal curves. In the tradition of Ahlfors-Bers','2010'),
	(460,'Cárdenas,.María Luz; Letelier, Juan-Carlos; Gutierrez,.Claudio; Cornish-Bowden,\nAthel; Soto-Andrade,.Jorge','Closure to efficient causation, computability and artificial life','2010'),
	(461,'J.-C. Letelier, S. Jaramillo, R. Honorato-Zimmer, U. Pereira, D. Contreras, B. Reynaert, V. Hernandez, J. Soto-Andrade, M.-L. Cárdenas and A. Cornish-Bowden.','systems and RAF sets: common ideas, tools and projections','2010'),
	(462,'R. Araya, P. Calfucura, A. Jiménez, C. Aguirre, M. A. Palavicino, N. Lacourly, J. Soto-Andrade, and P. Dartnell','The effect of analogies on learning to solve algebraic equations','2010'),
	(463,'Gutierrez,.Carlos; Guíñez,.Víctor; Castañeda,.Alvaro','Quartic differential forms and transversal nets with singularities.','2010'),
	(464,'Arenas-Carmona, Luis','Arithmetical Hilbert symbols, distance maps and cohomology','2009'),
	(465,'Correa, Ivan; Labra, Alicia','On nilpotency of almost-Jordan right-nilalgebras','2009'),
	(466,'Correa, Ivan; Labra, Alicia','On nilpotency in five dimensional almost Jordan right nilalgebras','2009'),
	(467,'Iftimie,.Viorel; Mantoiu,.Marius; Purice, Radu','The magnetic formalism; new results','2009'),
	(468,'Imamoḡlu,.Özlem; Martin,.Yves','On characteristic twists of multiple Dirichlet series associated to Siegel cusp forms','2009'),
	(469,'Pinto, Manuel','Asymptotic equivalence of nonlinear and quasi linear differential equations with piecewise constant arguments','2009'),
	(470,'Pinto, Manuel','Bounded and periodic solutions of nonlinear integro-differential equations with infinite delay','2009'),
	(471,'Arancibia,.Alejandro Omón; Pinto, Manuel','Asymptotics for solutions of periodic difference systems.','2009'),
	(472,'Pinto, Manuel; Rivas,.Cristóbal','Generalized finite moments and Liouville-Green approximations','2009'),
	(473,'Keyantuo,.Valentin; Lizama,.Carlos; Poblete,.Verónica','Periodic solutions of integro-differential equations in vector-valued function spaces','2009'),
	(474,'Poblete,.Verónica','Maximal regularity of second-order equations with delay','2009'),
	(475,'Robledo,.Gonzalo','Feedback stabilization for a chemostat with delayed output','2009'),
	(476,'Carocca,.Angel; Lange,.Herbert; Rodríguez,.Rubí E.; Rojas, Anita.M..','Prym-Tyurin varieties via Hecke algebras','2009'),
	(477,'Carocca,.Angel; Lange,.Herbert; Rodríguez,.Rubí E.; Rojas, Anita.M.','Prym-Tyurin varieties using self-products of groups','2009'),
	(478,'Carocca,.Angel; Lange,.Herbert; Rodríguez,.Rubí E.; Rojas, Anita.M.','Products of Jacobians as Prym-Tyurin varieties','2009'),
	(479,'Pantoja, José; Soto-Andrade,.Jorge','Bruhat presentations for ∗-classical groups','2009'),
	(480,'Arenas-Carmona, Luis','Relative spinor class fields: a counterexample','2008'),
	(481,'Arenas-Carmona, Luis','Finite subgroups in algebras and cohomology. ','2008'),
	(482,'Arenas-Carmona, L.; Berend, D.; Bergelson, V.','Ledrappier\'s system is almost mixing of all orders. Ergodic Theory Dynam','2008'),
	(483,'Friedman, Eduardo:','On the integro-differential equation satisfied by the p-adic log -function','2008'),
	(484,'Cohen, Henri; Friedman,Eduardo','Raabe\'s formula for p-adic gamma and zeta functions','2008'),
	(485,'De la Maza, Ana Cecilia; Friedman, Eduardo','Heights of algebraic numbers modulo multiplicative group actions','2008'),
	(486,'Belabas,Karim; Diaz y Diaz,Francisco; Friedman,Eduardo','Small generators of the ideal class group','2008'),
	(487,'Diaz y Diaz, Francisco; Friedman,Eduardo','Finite products of regularized products','2008'),
	(488,'Elduque,Alberto; Labra, Alicia','On the classification of commutative right-nilalgebras of nilindex 5 and dimension 4.','2008'),
	(489,'Arenas,Manuel; Labra, Alicia','On nilpotency of generalized almost-Jordan right-nilalgebras','2008'),
	(490,'Libedinsky,Nicolas','Équivalences entre conjectures de Soergel','2008'),
	(491,'Libedinsky,Nicolas','Sur la catégorie des bimodules de Soergel','2008'),
	(492,'Iftimie, V.; Mantoiu, M.; Purice, R.','Estimating the number of negative eigenvalues of a relativistic Hamiltonian with regular magnetic field','2008'),
	(493,'Kohnen,.Winfried; Martin,.Yves','Products of two Eisenstein series and spaces of cusp forms of prime level','2008'),
	(494,'Kohnen,.Winfried; Martin,.Yves','On product expansions of generalized modular forms','2008'),
	(495,'Figueroa,.Pablo; Pinto, Manuel','Riccati equations and nonoscillatory solutions of third order differential equations','2008'),
	(496,'Lizama,.Carlos; Poblete,.Verónica','Maximal regularity for perturbed integral equations on periodic Lebesgue spaces','2008'),
	(497,'Lange,.Herbert; Rojas, Anita.M.','A Galois-theoretic approach to Kanev\'s correspondence','2008');

/*!40000 ALTER TABLE `bad_articles` ENABLE KEYS */;
UNLOCK TABLES;


# Dump of table graduates
# ------------------------------------------------------------

DROP TABLE IF EXISTS `graduates`;

CREATE TABLE `graduates` (
  `id_graduates` int(11) NOT NULL AUTO_INCREMENT,
  `last_name` varchar(90) NOT NULL,
  `last_name2` varchar(90) DEFAULT NULL,
  `first_name` varchar(90) NOT NULL,
  `first_name2` varchar(90) DEFAULT NULL,
  `email` varchar(90) DEFAULT NULL,
  `url` varchar(200) DEFAULT NULL,
  `grade` varchar(90) DEFAULT NULL,
  PRIMARY KEY (`id_graduates`),
  UNIQUE KEY `id_graduates_UNIQUE` (`id_graduates`)
) ENGINE=InnoDB AUTO_INCREMENT=26 DEFAULT CHARSET=utf8;

LOCK TABLES `graduates` WRITE;
/*!40000 ALTER TABLE `graduates` DISABLE KEYS */;

INSERT INTO `graduates` (`id_graduates`, `last_name`, `last_name2`, `first_name`, `first_name2`, `email`, `url`, `grade`)
VALUES
	(5,'Aburto',NULL,'José',NULL,'jose.aburto AT ug.uchile.cl',NULL,'doctorado'),
	(6,'Bravo',NULL,'Claudio',NULL,'claudio.bravo.c AT ug.uchile.cl',NULL,'doctorado'),
	(7,'Bravo',NULL,'Estefanía',NULL,'estefaniabr.mat AT gmail.com','https://estefaniabrmat.wixsite.com/estefaniaygeometria','doctorado'),
	(8,'Capuñay',NULL,'Alex',NULL,'alexmathe2012 AT hotmail.com',NULL,'doctorado'),
	(9,'Finat',NULL,'Eugenio',NULL,'efinat AT gmail.com',NULL,'doctorado'),
	(10,'González',NULL,'Alejandro',NULL,'a.a.gonzalezcastro AT gmail.com',NULL,'doctorado'),
	(11,'Herrera',NULL,'Fernando',NULL,'ferhercon AT gmail.com',NULL,'doctorado'),
	(12,'Hurtado',NULL,'Lya',NULL,'lyahurtadoguzman AT gmail.com',NULL,'doctorado'),
	(13,'Jauré',NULL,'Diego',NULL,'diegojaure AT ug.uchile.cl',NULL,'doctorado'),
	(14,'Jiménez',NULL,'Gonzalo',NULL,'gojimenez AT uc.cl',NULL,'doctorado'),
	(15,'Morales',NULL,'Iván',NULL,'ivan.morales AT um.uchile.cl',NULL,'doctorado'),
	(16,'Muñóz',NULL,'Camila',NULL,'camila1725 AT gmail.com',NULL,'doctorado'),
	(17,'Saavedra',NULL,'Ignacio',NULL,'nbkz1 AT hotmail.com',NULL,'doctorado'),
	(18,'Villegas',NULL,'Rodrigo',NULL,'rodrigo.ignacio.vg AT gmail.com',NULL,'doctorado'),
	(19,'Alvarado',NULL,'Nelson',NULL,'nelson.alvarado AT ug.uchile.cl',NULL,'magister'),
	(20,'de la Fuente',NULL,'Damián',NULL,'damiandlfa AT gmail.com',NULL,'magister'),
	(21,'Gambardella',NULL,'Felipe',NULL,'felipe.gambardella AT ug.uchile.cl',NULL,'magister'),
	(22,'Jara',NULL,'Néstor',NULL,'nesto.jara AT ug.uchile.cl',NULL,'magister'),
	(23,'Lenz',NULL,'Vicente',NULL,'vicente.lenz AT gmail.com',NULL,'magister'),
	(24,'Martínez',NULL,'Gary',NULL,'gary.martinez AT ug.uchile.cl',NULL,'magister'),
	(25,'Rivera',NULL,'Felipe',NULL,'frivera.mesas AT gmail.com',NULL,'magister');

/*!40000 ALTER TABLE `graduates` ENABLE KEYS */;
UNLOCK TABLES;


# Dump of table magazines
# ------------------------------------------------------------

DROP TABLE IF EXISTS `magazines`;

CREATE TABLE `magazines` (
  `id_magazines` int(11) NOT NULL AUTO_INCREMENT,
  `name` varchar(200) NOT NULL,
  PRIMARY KEY (`id_magazines`)
) ENGINE=InnoDB AUTO_INCREMENT=3 DEFAULT CHARSET=utf8;

LOCK TABLES `magazines` WRITE;
/*!40000 ALTER TABLE `magazines` DISABLE KEYS */;

INSERT INTO `magazines` (`id_magazines`, `name`)
VALUES
	(1,'Revista1');

/*!40000 ALTER TABLE `magazines` ENABLE KEYS */;
UNLOCK TABLES;


# Dump of table test_members
# ------------------------------------------------------------

DROP TABLE IF EXISTS `test_members`;

CREATE TABLE `test_members` (
  `id_test_members` int(11) NOT NULL AUTO_INCREMENT,
  `last_name` varchar(90) NOT NULL,
  `first_name` varchar(90) NOT NULL,
  `position` varchar(90) NOT NULL,
  `personal_url` varchar(200) DEFAULT NULL,
  `uchile_web` varchar(200) NOT NULL,
  `university` varchar(90) NOT NULL,
  `grade` varchar(90) NOT NULL,
  `grade_year` year(4) NOT NULL,
  `field` varchar(90) NOT NULL,
  `email` varchar(200) NOT NULL,
  PRIMARY KEY (`id_test_members`),
  UNIQUE KEY `id_test_members_UNIQUE` (`id_test_members`)
) ENGINE=InnoDB AUTO_INCREMENT=21 DEFAULT CHARSET=utf8;

LOCK TABLES `test_members` WRITE;
/*!40000 ALTER TABLE `test_members` DISABLE KEYS */;

INSERT INTO `test_members` (`id_test_members`, `last_name`, `first_name`, `position`, `personal_url`, `uchile_web`, `university`, `grade`, `grade_year`, `field`, `email`)
VALUES
	(3,'Arenas','Luis','Profesor Asociado','','https://matematicas.ciencias.uchile.cl/matematicas-en-las-palmeras/academicos/academicos/luis-arenas/','Ohio State University','Ph.D. in Mathematics','2000','Geometría Algebraica','learenass AT yahoo DOT com'),
	(4,'Auffarth','Robert','Profesor Asistente','https://sites.google.com/a/uchile.cl/robert-auffarth/','https://matematicas.ciencias.uchile.cl/matematicas-en-las-palmeras/academicos/academicos/robert-auffarth/','Pontificia Universidad Católica de Chile','Doctorado en Matemáticas','2014','Geometría Algebraica','rfauffar AT uchile DOT cl'),
	(5,'Castañeda','Álvaro','Colaborador','','https://matematicas.ciencias.uchile.cl/matematicas-en-las-palmeras/academicos/academicos/alvaro-castaneda/','Universidad de Santiago de Chile','Doctor en Ciencias con mención en Matemática','2009','Sistemas Dinámicos','castaneda AT uchile DOT cl'),
	(6,'Friedman','Eduardo','Profesor Titular','','https://matematicas.ciencias.uchile.cl/matematicas-en-las-palmeras/academicos/academicos/eduardo-friedman/','Princeton University','Ph.D. in Mathematics','1983','Teoría de Números','eduardofriedman AT yahoo DOT com'),
	(7,'Jiménez','Leslie','Instructor','https://sites.google.com/site/lesliejimenezpalma/','https://matematicas.ciencias.uchile.cl/matematicas-en-las-palmeras/academicos/academicos/leslie-jimenez/','Universidad de Chile','Universidad de Chile','2014','Didáctica de la Matemática','jpleslie AT uchile DOT cl'),
	(8,'Labra','Alicia','Claustro','','https://matematicas.ciencias.uchile.cl/matematicas-en-las-palmeras/academicos/academicos/alicia-labra/','Université de Montpellier II','Docteur 3ème. Cycle, Mention Mathématiques Pures et Appliquées','1982','Álgebras no Asociativas','alicialabraj AT yahoo DOT com DOT mx'),
	(9,'Libedinsky','Nicolás','Claustro','','https://matematicas.ciencias.uchile.cl/matematicas-en-las-palmeras/academicos/academicos/nicolas-libedinsky/','Université Paris VII','Docteur en Mathématiques Pures','2008','Álgebra','nlibedinsky AT gmail DOT com'),
	(10,'Lucchini','Giancarlo','Profesor Asistente','https://sites.google.com/a/uchile.cl/mat-ciencias-prof-giancarlo-lucchini/home/en','https://matematicas.ciencias.uchile.cl/matematicas-en-las-palmeras/academicos/academicos/giancarlo-lucchini/','Université Paris-Sud XI - Orsay','Doctorado en Matemáticas','2018','Geometría Aritmética','luco AT uchile DOT cl'),
	(11,'Mantoiu','Marius','Claustro','','https://matematicas.ciencias.uchile.cl/matematicas-en-las-palmeras/academicos/academicos/marius-mantoiu/','Université Paris VII','Docteur en Mathématiques','1993','Análisis Funcional, Física-Matemática','mantoiu AT uchile DOT cl'),
	(12,'Martin','Yves','Claustro','','https://matematicas.ciencias.uchile.cl/matematicas-en-las-palmeras/academicos/academicos/yves-martin/','University of California Santa Cruz','Ph.D. in Mathematics','1993','Teoría de Números','ymartin8 AT yahoo DOT com'),
	(13,'Muñoz','Sergio','Profesor Adjunto','','https://matematicas.ciencias.uchile.cl/matematicas-en-las-palmeras/academicos/academicos/sergio-munoz/','Pontificia Universidad Católica de Chile','Doctorado en Matemáticas','2001','Lógica Matemática aplicada a Ciencias de la Computación','smunozvenegas AT gmail DOT com'),
	(14,'Pinto','Manuel','Claustro','','https://matematicas.ciencias.uchile.cl/matematicas-en-las-palmeras/academicos/academicos/manuel-pinto/','Université Louis Pasteur, Strasbourg','Nouveau Doctorat, Mention Mathématiques','1988','Ecuaciones Diferenciales','pintoj AT uchile DOT cl'),
	(15,'Poblete','Verónica','Claustro','','https://matematicas.ciencias.uchile.cl/matematicas-en-las-palmeras/academicos/academicos/veronica-poblete/','Universidad de Santiago','Doctorado en Matemáticas','2006','Análisis Funcional y Ecuaciones de Evolución','vpoblete AT uchile DOT cl'),
	(16,'Pomareda','Rolando','Claustro','','https://matematicas.ciencias.uchile.cl/matematicas-en-las-palmeras/academicos/academicos/rolando-pomareda/','Ohio State University','Doctor en Ciencias con mención en Matemática','1972','Grupos Finitos y Geometría','rpomared AT uchile DOT cl'),
	(17,'Robledo','Gonzalo','Claustro','','https://matematicas.ciencias.uchile.cl/matematicas-en-las-palmeras/academicos/academicos/gonzalo-robledo/','Université de Nice Sophia Antipolis','Docteur en Sciences mention Automatique et Traitement du Signal','2006','Ecuaciones Diferenciales, Biología-Matemática','grobledo AT u DOT uchile DOT cl'),
	(18,'Rojas','Anita','Profesor Asociado','https://sites.google.com/a/u.uchile.cl/mat-ciencias-prof-anita-rojas/','https://matematicas.ciencias.uchile.cl/matematicas-en-las-palmeras/academicos/academicos/anita-rojas/','Pontificia Universidad Católica de Chile','Doctorado en Matemáticas','2002','Geometría Compleja','anirojas AT uchile DOT cl'),
	(19,'Pozo','Juan Carlos','Profesor Asistente','','https://matematicas.ciencias.uchile.cl/matematicas-en-las-palmeras/academicos/academicos/juan-carlos-pozo/','Universidad de Chile','Doctorado en Matemáticas','2013','Ecuaciones Diferenciales','jpozo AT ug DOT uchile DOT cl'),
	(20,'Soto-Andrade','Jorge','Claustro','','https://matematicas.ciencias.uchile.cl/matematicas-en-las-palmeras/academicos/academicos/jorge-soto-andrade/','Université Paris XI','Docteur d\'Etat ès Sciences Mathématiques','1975','Teoría de Grupos','sotoandrade AT gmail DOT com');

/*!40000 ALTER TABLE `test_members` ENABLE KEYS */;
UNLOCK TABLES;



/*!40111 SET SQL_NOTES=@OLD_SQL_NOTES */;
/*!40101 SET SQL_MODE=@OLD_SQL_MODE */;
/*!40014 SET FOREIGN_KEY_CHECKS=@OLD_FOREIGN_KEY_CHECKS */;
/*!40101 SET CHARACTER_SET_CLIENT=@OLD_CHARACTER_SET_CLIENT */;
/*!40101 SET CHARACTER_SET_RESULTS=@OLD_CHARACTER_SET_RESULTS */;
/*!40101 SET COLLATION_CONNECTION=@OLD_COLLATION_CONNECTION */;
